{"cameraMode":{"drawMode":0,"name":"Shaded","section":"Shading Mode"},"sceneLighting":false,"audioPlay":false,"sceneViewState":{"showFog":true,"showMaterialUpdate":false,"showSkybox":false,"showFlares":true,"showImageEffects":true,"showParticleSystems":true,"showVisualEffectGraphs":true,"m_FxEnabled":true},"in2DMode":false,"pivot":{"x":0.18818458914756776,"y":-0.04948129504919052,"z":0.3553128242492676},"rotation":{"x":0.22859755158424378,"y":0.1629452258348465,"z":-0.038833580911159518,"w":0.9590141773223877},"size":0.507133424282074,"orthographic":false}