{"cameraMode":{"drawMode":0,"name":"Shaded","section":"Shading Mode"},"sceneLighting":true,"audioPlay":false,"sceneViewState":{"showFog":true,"showMaterialUpdate":false,"showSkybox":true,"showFlares":true,"showImageEffects":true,"showParticleSystems":true},"in2DMode":false,"pivot":{"x":-10.83973503112793,"y":-7.620631694793701,"z":4.305660247802734},"rotation":{"x":0.15363997220993043,"y":-0.6556316018104553,"z":0.1387128382921219,"w":0.7261624932289124},"size":24.953441619873048,"orthographic":false}