{"cameraMode":{"drawMode":0,"name":"Shaded","section":"Shading Mode"},"sceneLighting":false,"audioPlay":false,"sceneViewState":{"showFog":true,"showMaterialUpdate":false,"showSkybox":false,"showFlares":true,"showImageEffects":true,"showParticleSystems":true},"in2DMode":false,"pivot":{"x":0.18818458914756776,"y":-0.04948129504919052,"z":0.3553128242492676},"rotation":{"x":-0.4885696768760681,"y":-0.053336795419454578,"z":0.02994043380022049,"w":-0.8703782558441162},"size":1.6735402345657349,"orthographic":false}