{"cameraMode":{"drawMode":0,"name":"Shaded","section":"Shading Mode"},"sceneLighting":false,"audioPlay":false,"sceneViewState":{"showFog":true,"showMaterialUpdate":false,"showSkybox":false,"showFlares":true,"showImageEffects":true,"showParticleSystems":true},"in2DMode":false,"pivot":{"x":-0.07012814283370972,"y":-0.05065743625164032,"z":-0.027708709239959718},"rotation":{"x":0.14013363420963288,"y":-0.5487141013145447,"z":0.09390819817781449,"w":0.8188145160675049},"size":1.4337425231933594,"orthographic":true}