{"cameraMode":{"drawMode":0,"name":"Shaded","section":"Shading Mode"},"sceneLighting":true,"audioPlay":false,"sceneViewState":{"showFog":true,"showMaterialUpdate":false,"showSkybox":true,"showFlares":true,"showImageEffects":true,"showParticleSystems":true,"showVisualEffectGraphs":true,"m_FxEnabled":true},"in2DMode":false,"pivot":{"x":-0.634814977645874,"y":0.8892912268638611,"z":0.0567651242017746},"rotation":{"x":0.011542159132659436,"y":-0.7915213108062744,"z":0.014962959103286267,"w":0.6108834147453308},"size":0.8169344663619995,"orthographic":false}