{"cameraMode":{"drawMode":0,"name":"Shaded","section":"Shading Mode"},"sceneLighting":false,"audioPlay":false,"sceneViewState":{"showFog":true,"showMaterialUpdate":false,"showSkybox":false,"showFlares":true,"showImageEffects":true,"showParticleSystems":true,"showVisualEffectGraphs":true,"m_FxEnabled":true},"in2DMode":false,"pivot":{"x":-0.05196484923362732,"y":0.31411033868789675,"z":-0.00948268175125122},"rotation":{"x":-0.2660982310771942,"y":-0.4845232665538788,"z":0.15756560862064362,"w":-0.8183126449584961},"size":0.7836723923683167,"orthographic":false}